config,top_k,query_description,mean_latency_s,p50_latency_s,p95_latency_s,relevance_score,result_count
small-512-paragraph,3,"Find main menu / sign-on entry point",0.6795,0.5828,0.9143,0.2500,3
small-512-paragraph,3,"Identify credit card update program",0.5084,0.4996,0.5495,1.0000,3
small-512-paragraph,3,"Locate file I/O code",0.4825,0.4828,0.4952,0.0000,3
small-512-paragraph,3,"Find COPY dependencies",0.5363,0.4948,0.6486,1.0000,3
small-512-paragraph,3,"Find customer record modification code",0.4775,0.4860,0.5234,1.0000,3
small-512-paragraph,3,"Find credit card validation logic",0.6350,0.5606,0.8363,0.7500,3
small-512-paragraph,3,"Find authentication logic",0.5205,0.5319,0.5443,0.7500,3
small-512-paragraph,3,"Find batch transaction processing",0.5158,0.5135,0.5331,0.0000,3
small-512-paragraph,3,"Find BMS screen definitions",0.4976,0.4995,0.5176,0.5000,3
small-512-paragraph,3,"Find CICS screen navigation",0.7733,0.4746,1.3842,0.5000,3
small-512-paragraph,5,"Find main menu / sign-on entry point",0.4734,0.4758,0.4864,0.7500,5
small-512-paragraph,5,"Identify credit card update program",0.5184,0.4672,0.6376,1.0000,5
small-512-paragraph,5,"Locate file I/O code",0.4801,0.4696,0.5352,0.0000,5
small-512-paragraph,5,"Find COPY dependencies",0.6049,0.5236,0.7916,1.0000,5
small-512-paragraph,5,"Find customer record modification code",0.5593,0.6166,0.6192,1.0000,5
small-512-paragraph,5,"Find credit card validation logic",0.6460,0.5855,0.7885,0.7500,5
small-512-paragraph,5,"Find authentication logic",0.5460,0.5654,0.5741,0.7500,5
small-512-paragraph,5,"Find batch transaction processing",0.5613,0.5065,0.6741,0.5000,5
small-512-paragraph,5,"Find BMS screen definitions",0.5277,0.5453,0.5845,1.0000,5
small-512-paragraph,5,"Find CICS screen navigation",0.8630,0.5575,1.4921,0.5000,5
small-512-paragraph,10,"Find main menu / sign-on entry point",0.5760,0.5718,0.6147,0.7500,10
small-512-paragraph,10,"Identify credit card update program",0.5253,0.5308,0.5425,1.0000,10
small-512-paragraph,10,"Locate file I/O code",0.5103,0.5081,0.5246,0.0000,10
small-512-paragraph,10,"Find COPY dependencies",1.4761,0.5607,3.3121,1.0000,10
small-512-paragraph,10,"Find customer record modification code",0.6475,0.6199,0.7070,1.0000,10
small-512-paragraph,10,"Find credit card validation logic",0.5476,0.5561,0.5884,0.7500,10
small-512-paragraph,10,"Find authentication logic",1.0420,0.6018,2.0442,0.7500,10
small-512-paragraph,10,"Find batch transaction processing",0.6027,0.5955,0.6213,0.5000,10
small-512-paragraph,10,"Find BMS screen definitions",0.5756,0.5626,0.6345,1.0000,10
small-512-paragraph,10,"Find CICS screen navigation",0.6028,0.5901,0.6548,0.8333,10
small-512-paragraph,20,"Find main menu / sign-on entry point",0.5943,0.5874,0.6379,0.7500,20
small-512-paragraph,20,"Identify credit card update program",0.6445,0.6041,0.8157,1.0000,20
small-512-paragraph,20,"Locate file I/O code",0.5346,0.5207,0.5727,0.1667,20
small-512-paragraph,20,"Find COPY dependencies",0.5640,0.5572,0.5821,1.0000,20
small-512-paragraph,20,"Find customer record modification code",0.6539,0.6187,0.7538,1.0000,20
small-512-paragraph,20,"Find credit card validation logic",0.5669,0.5550,0.6099,0.7500,20
small-512-paragraph,20,"Find authentication logic",0.6817,0.6503,0.7464,1.0000,20
small-512-paragraph,20,"Find batch transaction processing",0.7904,0.6600,1.1733,0.5000,20
small-512-paragraph,20,"Find BMS screen definitions",1.0631,0.5487,2.1264,1.0000,20
small-512-paragraph,20,"Find CICS screen navigation",0.5091,0.4893,0.5619,0.8333,20
small-512-paragraph,50,"Find main menu / sign-on entry point",0.6194,0.6092,0.6655,0.7500,50
small-512-paragraph,50,"Identify credit card update program",0.7275,0.5522,1.0959,1.0000,50
small-512-paragraph,50,"Locate file I/O code",0.5504,0.5574,0.5807,0.8333,50
small-512-paragraph,50,"Find COPY dependencies",0.7256,0.6765,0.9134,1.0000,50
small-512-paragraph,50,"Find customer record modification code",0.6116,0.6044,0.6585,1.0000,50
small-512-paragraph,50,"Find credit card validation logic",0.6974,0.6626,0.7867,0.7500,50
small-512-paragraph,50,"Find authentication logic",0.6045,0.6254,0.6276,1.0000,50
small-512-paragraph,50,"Find batch transaction processing",0.6841,0.6714,0.7710,1.0000,50
small-512-paragraph,50,"Find BMS screen definitions",0.6978,0.7021,0.7159,1.0000,50
small-512-paragraph,50,"Find CICS screen navigation",0.6103,0.5736,0.7024,0.8333,50
small-512-fixed,3,"Find main menu / sign-on entry point",0.7116,0.5687,1.0477,0.5000,3
small-512-fixed,3,"Identify credit card update program",0.5975,0.6253,0.6403,1.0000,3
small-512-fixed,3,"Locate file I/O code",0.6029,0.5158,0.8032,0.3333,3
small-512-fixed,3,"Find COPY dependencies",0.4975,0.5296,0.5430,1.0000,3
small-512-fixed,3,"Find customer record modification code",0.5277,0.4834,0.6499,1.0000,3
small-512-fixed,3,"Find credit card validation logic",0.4541,0.4581,0.4596,0.2500,3
small-512-fixed,3,"Find authentication logic",0.4561,0.4494,0.4834,0.2500,3
small-512-fixed,3,"Find batch transaction processing",0.4421,0.4333,0.4811,0.0000,3
small-512-fixed,3,"Find BMS screen definitions",0.4820,0.4586,0.5827,0.5000,3
small-512-fixed,3,"Find CICS screen navigation",0.4457,0.4483,0.4497,0.0000,3
small-512-fixed,5,"Find main menu / sign-on entry point",0.4614,0.4589,0.4692,0.5000,5
small-512-fixed,5,"Identify credit card update program",0.5039,0.4630,0.6437,1.0000,5
small-512-fixed,5,"Locate file I/O code",0.4837,0.4632,0.5636,0.3333,5
small-512-fixed,5,"Find COPY dependencies",1.2148,0.6741,2.4869,1.0000,5
small-512-fixed,5,"Find customer record modification code",0.6147,0.4896,0.8918,1.0000,5
small-512-fixed,5,"Find credit card validation logic",0.5180,0.5202,0.5300,0.5000,5
small-512-fixed,5,"Find authentication logic",1.6486,0.5907,3.8478,0.2500,5
small-512-fixed,5,"Find batch transaction processing",0.5220,0.5206,0.5476,0.0000,5
small-512-fixed,5,"Find BMS screen definitions",0.6620,0.4803,1.0502,0.5000,5
small-512-fixed,5,"Find CICS screen navigation",0.4501,0.4336,0.4905,0.0000,5
small-512-fixed,10,"Find main menu / sign-on entry point",0.4965,0.5302,0.5452,0.5000,10
small-512-fixed,10,"Identify credit card update program",0.5133,0.5011,0.5466,1.0000,10
small-512-fixed,10,"Locate file I/O code",0.5994,0.4785,0.8758,0.3333,10
small-512-fixed,10,"Find COPY dependencies",0.5166,0.4961,0.5863,1.0000,10
small-512-fixed,10,"Find customer record modification code",0.4942,0.4586,0.5720,1.0000,10
small-512-fixed,10,"Find credit card validation logic",0.4617,0.4596,0.4693,0.5000,10
small-512-fixed,10,"Find authentication logic",0.6484,0.5971,0.8362,0.2500,10
small-512-fixed,10,"Find batch transaction processing",0.5296,0.5491,0.5676,0.0000,10
small-512-fixed,10,"Find BMS screen definitions",0.5013,0.4934,0.5296,0.5000,10
small-512-fixed,10,"Find CICS screen navigation",0.4904,0.4637,0.5650,0.0000,10
small-512-fixed,20,"Find main menu / sign-on entry point",0.5930,0.5983,0.6432,0.5000,20
small-512-fixed,20,"Identify credit card update program",0.6102,0.5399,0.7943,1.0000,20
small-512-fixed,20,"Locate file I/O code",0.6542,0.6221,0.7616,0.6667,20
small-512-fixed,20,"Find COPY dependencies",0.5331,0.5383,0.5486,1.0000,20
small-512-fixed,20,"Find customer record modification code",0.6022,0.6086,0.6211,1.0000,20
small-512-fixed,20,"Find credit card validation logic",0.5046,0.4992,0.5402,0.5000,20
small-512-fixed,20,"Find authentication logic",0.6078,0.5658,0.7268,0.2500,20
small-512-fixed,20,"Find batch transaction processing",0.5029,0.5028,0.5080,0.5000,20
small-512-fixed,20,"Find BMS screen definitions",0.5811,0.5951,0.6046,1.0000,20
small-512-fixed,20,"Find CICS screen navigation",0.5967,0.6014,0.6241,0.0000,20
small-512-fixed,50,"Find main menu / sign-on entry point",0.6914,0.6649,0.8294,0.5000,50
small-512-fixed,50,"Identify credit card update program",0.7420,0.5910,1.0770,1.0000,50
small-512-fixed,50,"Locate file I/O code",0.6642,0.5742,0.8977,0.8333,50
small-512-fixed,50,"Find COPY dependencies",0.6076,0.6128,0.6623,1.0000,50
small-512-fixed,50,"Find customer record modification code",0.6211,0.6297,0.6624,1.0000,50
small-512-fixed,50,"Find credit card validation logic",0.8274,0.5898,1.3615,0.5000,50
small-512-fixed,50,"Find authentication logic",0.5602,0.5467,0.6345,0.2500,50
small-512-fixed,50,"Find batch transaction processing",0.6384,0.6171,0.7344,1.0000,50
small-512-fixed,50,"Find BMS screen definitions",0.6007,0.5417,0.7868,1.0000,50
small-512-fixed,50,"Find CICS screen navigation",0.6077,0.5741,0.7089,0.3333,50
small-1024-paragraph,3,"Find main menu / sign-on entry point",0.5953,0.5296,0.7398,0.5000,3
small-1024-paragraph,3,"Identify credit card update program",0.8157,0.6427,1.1881,1.0000,3
small-1024-paragraph,3,"Locate file I/O code",0.6116,0.6244,0.6496,0.0000,3
small-1024-paragraph,3,"Find COPY dependencies",0.5795,0.5915,0.6377,1.0000,3
small-1024-paragraph,3,"Find customer record modification code",0.5653,0.5609,0.5968,1.0000,3
small-1024-paragraph,3,"Find credit card validation logic",0.5164,0.4959,0.5915,0.7500,3
small-1024-paragraph,3,"Find authentication logic",0.5950,0.5813,0.6342,0.7500,3
small-1024-paragraph,3,"Find batch transaction processing",0.7796,0.6767,1.0304,0.5000,3
small-1024-paragraph,3,"Find BMS screen definitions",0.8080,0.8733,0.9532,0.5000,3
small-1024-paragraph,3,"Find CICS screen navigation",0.5329,0.5285,0.5859,0.5000,3
small-1024-paragraph,5,"Find main menu / sign-on entry point",0.5758,0.5651,0.6279,0.5000,5
small-1024-paragraph,5,"Identify credit card update program",0.5402,0.5585,0.5818,1.0000,5
small-1024-paragraph,5,"Locate file I/O code",0.5510,0.5429,0.5818,0.0000,5
small-1024-paragraph,5,"Find COPY dependencies",0.6010,0.5910,0.6300,1.0000,5
small-1024-paragraph,5,"Find customer record modification code",0.5741,0.5684,0.5961,1.0000,5
small-1024-paragraph,5,"Find credit card validation logic",0.5632,0.5982,0.6040,0.7500,5
small-1024-paragraph,5,"Find authentication logic",0.5944,0.5898,0.6712,0.7500,5
small-1024-paragraph,5,"Find batch transaction processing",0.5752,0.5758,0.6308,0.5000,5
small-1024-paragraph,5,"Find BMS screen definitions",0.5969,0.5563,0.6984,1.0000,5
small-1024-paragraph,5,"Find CICS screen navigation",0.5374,0.4892,0.6399,0.6667,5
small-1024-paragraph,10,"Find main menu / sign-on entry point",0.5974,0.6241,0.7235,0.7500,10
small-1024-paragraph,10,"Identify credit card update program",0.4999,0.5045,0.5079,1.0000,10
small-1024-paragraph,10,"Locate file I/O code",0.4951,0.4638,0.5609,0.0000,10
small-1024-paragraph,10,"Find COPY dependencies",0.5309,0.5077,0.6348,1.0000,10
small-1024-paragraph,10,"Find customer record modification code",0.4718,0.4756,0.4990,1.0000,10
small-1024-paragraph,10,"Find credit card validation logic",0.4799,0.4812,0.4923,0.7500,10
small-1024-paragraph,10,"Find authentication logic",0.4570,0.4516,0.4716,1.0000,10
small-1024-paragraph,10,"Find batch transaction processing",0.4749,0.4580,0.5274,0.5000,10
small-1024-paragraph,10,"Find BMS screen definitions",0.5247,0.4929,0.6064,1.0000,10
small-1024-paragraph,10,"Find CICS screen navigation",0.5058,0.5074,0.5454,0.6667,10
small-1024-paragraph,20,"Find main menu / sign-on entry point",0.5894,0.5756,0.6201,0.7500,20
small-1024-paragraph,20,"Identify credit card update program",0.4797,0.4968,0.5204,1.0000,20
small-1024-paragraph,20,"Locate file I/O code",0.5250,0.5322,0.5587,0.1667,20
small-1024-paragraph,20,"Find COPY dependencies",0.5573,0.5612,0.5708,1.0000,20
small-1024-paragraph,20,"Find customer record modification code",0.5861,0.6011,0.6236,1.0000,20
small-1024-paragraph,20,"Find credit card validation logic",1.5911,0.5431,3.6924,0.7500,20
small-1024-paragraph,20,"Find authentication logic",0.6304,0.6256,0.6887,1.0000,20
small-1024-paragraph,20,"Find batch transaction processing",0.5806,0.5605,0.6209,0.5000,20
small-1024-paragraph,20,"Find BMS screen definitions",0.6482,0.6400,0.7765,1.0000,20
small-1024-paragraph,20,"Find CICS screen navigation",0.5587,0.5565,0.5744,0.8333,20
small-1024-paragraph,50,"Find main menu / sign-on entry point",0.6792,0.6895,0.7004,0.7500,50
small-1024-paragraph,50,"Identify credit card update program",0.6246,0.6276,0.6615,1.0000,50
small-1024-paragraph,50,"Locate file I/O code",0.6847,0.6880,0.8204,0.8333,50
small-1024-paragraph,50,"Find COPY dependencies",0.6244,0.6091,0.7215,1.0000,50
small-1024-paragraph,50,"Find customer record modification code",0.5842,0.5899,0.6137,1.0000,50
small-1024-paragraph,50,"Find credit card validation logic",0.6554,0.6462,0.7614,0.7500,50
small-1024-paragraph,50,"Find authentication logic",2.2151,0.5798,5.4907,1.0000,50
small-1024-paragraph,50,"Find batch transaction processing",0.5497,0.5591,0.5825,0.5000,50
small-1024-paragraph,50,"Find BMS screen definitions",0.5901,0.6069,0.6207,1.0000,50
small-1024-paragraph,50,"Find CICS screen navigation",0.5979,0.6090,0.6095,0.8333,50
small-1024-fixed,3,"Find main menu / sign-on entry point",0.8029,0.6124,1.2353,0.5000,3
small-1024-fixed,3,"Identify credit card update program",0.5958,0.6116,0.6672,1.0000,3
small-1024-fixed,3,"Locate file I/O code",0.6491,0.6467,0.6896,0.1667,3
small-1024-fixed,3,"Find COPY dependencies",0.6581,0.6298,0.7183,1.0000,3
small-1024-fixed,3,"Find customer record modification code",0.5778,0.5771,0.6108,1.0000,3
small-1024-fixed,3,"Find credit card validation logic",0.6758,0.6514,0.8469,0.2500,3
small-1024-fixed,3,"Find authentication logic",0.5947,0.6010,0.6019,0.2500,3
small-1024-fixed,3,"Find batch transaction processing",0.5700,0.5600,0.5903,0.0000,3
small-1024-fixed,3,"Find BMS screen definitions",0.5680,0.5897,0.6022,0.5000,3
small-1024-fixed,3,"Find CICS screen navigation",0.5412,0.5408,0.5545,0.0000,3
small-1024-fixed,5,"Find main menu / sign-on entry point",0.5720,0.5806,0.5861,0.5000,5
small-1024-fixed,5,"Identify credit card update program",0.5627,0.5586,0.5809,1.0000,5
small-1024-fixed,5,"Locate file I/O code",0.5843,0.5323,0.6969,0.3333,5
small-1024-fixed,5,"Find COPY dependencies",0.5340,0.5266,0.5579,1.0000,5
small-1024-fixed,5,"Find customer record modification code",0.6036,0.5502,0.7453,1.0000,5
small-1024-fixed,5,"Find credit card validation logic",0.5131,0.5228,0.5334,0.5000,5
small-1024-fixed,5,"Find authentication logic",0.5154,0.5103,0.5928,0.2500,5
small-1024-fixed,5,"Find batch transaction processing",0.5025,0.5107,0.5123,0.0000,5
small-1024-fixed,5,"Find BMS screen definitions",0.5206,0.5310,0.5449,0.5000,5
small-1024-fixed,5,"Find CICS screen navigation",0.6105,0.6257,0.6471,0.0000,5
small-1024-fixed,10,"Find main menu / sign-on entry point",0.5944,0.5686,0.6874,0.5000,10
small-1024-fixed,10,"Identify credit card update program",0.6819,0.7085,0.7258,1.0000,10
small-1024-fixed,10,"Locate file I/O code",0.6279,0.5853,0.7855,0.3333,10
small-1024-fixed,10,"Find COPY dependencies",1.1626,0.6066,2.3890,1.0000,10
small-1024-fixed,10,"Find customer record modification code",0.5282,0.5102,0.6031,1.0000,10
small-1024-fixed,10,"Find credit card validation logic",0.4424,0.4566,0.4764,0.5000,10
small-1024-fixed,10,"Find authentication logic",0.5256,0.4872,0.6336,0.2500,10
small-1024-fixed,10,"Find batch transaction processing",0.8194,0.4717,1.5351,0.0000,10
small-1024-fixed,10,"Find BMS screen definitions",0.5015,0.5026,0.5251,1.0000,10
small-1024-fixed,10,"Find CICS screen navigation",0.4899,0.4929,0.5156,0.0000,10
small-1024-fixed,20,"Find main menu / sign-on entry point",0.4992,0.5061,0.5148,0.5000,20
small-1024-fixed,20,"Identify credit card update program",0.7779,0.7018,1.1501,1.0000,20
small-1024-fixed,20,"Locate file I/O code",0.6019,0.5931,0.6964,0.5000,20
small-1024-fixed,20,"Find COPY dependencies",0.5497,0.5242,0.6104,1.0000,20
small-1024-fixed,20,"Find customer record modification code",0.5756,0.5606,0.6096,1.0000,20
small-1024-fixed,20,"Find credit card validation logic",1.1296,0.6650,2.1753,0.5000,20
small-1024-fixed,20,"Find authentication logic",0.5543,0.5337,0.6080,0.2500,20
small-1024-fixed,20,"Find batch transaction processing",0.5705,0.5700,0.5809,1.0000,20
small-1024-fixed,20,"Find BMS screen definitions",0.7130,0.6036,0.9805,1.0000,20
small-1024-fixed,20,"Find CICS screen navigation",0.6066,0.5927,0.6370,0.1667,20
small-1024-fixed,50,"Find main menu / sign-on entry point",0.7738,0.7813,0.7819,0.5000,50
small-1024-fixed,50,"Identify credit card update program",0.7451,0.7566,0.7714,1.0000,50
small-1024-fixed,50,"Locate file I/O code",0.7759,0.7740,0.7977,0.6667,50
small-1024-fixed,50,"Find COPY dependencies",0.9022,0.7605,1.2187,1.0000,50
small-1024-fixed,50,"Find customer record modification code",0.7083,0.7070,0.7429,1.0000,50
small-1024-fixed,50,"Find credit card validation logic",0.7985,0.7838,0.8807,0.5000,50
small-1024-fixed,50,"Find authentication logic",0.7341,0.7568,0.7895,0.2500,50
small-1024-fixed,50,"Find batch transaction processing",0.8002,0.7297,1.0008,1.0000,50
small-1024-fixed,50,"Find BMS screen definitions",0.7912,0.8302,0.9030,1.0000,50
small-1024-fixed,50,"Find CICS screen navigation",0.6849,0.6433,0.8002,0.3333,50
small-1536-paragraph,3,"Find main menu / sign-on entry point",0.7325,0.6498,0.9554,0.2500,3
small-1536-paragraph,3,"Identify credit card update program",0.6586,0.6530,0.6930,1.0000,3
small-1536-paragraph,3,"Locate file I/O code",0.7318,0.7780,0.8246,0.0000,3
small-1536-paragraph,3,"Find COPY dependencies",0.6850,0.6220,0.8902,1.0000,3
small-1536-paragraph,3,"Find customer record modification code",0.5379,0.5549,0.5754,1.0000,3
small-1536-paragraph,3,"Find credit card validation logic",0.5246,0.5150,0.5676,0.7500,3
small-1536-paragraph,3,"Find authentication logic",0.5429,0.5576,0.5896,0.7500,3
small-1536-paragraph,3,"Find batch transaction processing",0.5330,0.5303,0.5715,0.5000,3
small-1536-paragraph,3,"Find BMS screen definitions",0.6460,0.5585,0.8580,0.5000,3
small-1536-paragraph,3,"Find CICS screen navigation",0.5473,0.5417,0.5772,0.5000,3
small-1536-paragraph,5,"Find main menu / sign-on entry point",0.5873,0.5059,0.7835,0.7500,5
small-1536-paragraph,5,"Identify credit card update program",0.5465,0.5278,0.6258,1.0000,5
small-1536-paragraph,5,"Locate file I/O code",0.5782,0.5632,0.6122,0.0000,5
small-1536-paragraph,5,"Find COPY dependencies",1.2375,0.6351,2.5243,1.0000,5
small-1536-paragraph,5,"Find customer record modification code",0.7340,0.7755,0.8217,1.0000,5
small-1536-paragraph,5,"Find credit card validation logic",0.6127,0.6402,0.6769,0.7500,5
small-1536-paragraph,5,"Find authentication logic",0.6000,0.5803,0.6400,0.7500,5
small-1536-paragraph,5,"Find batch transaction processing",0.6177,0.5850,0.7090,0.5000,5
small-1536-paragraph,5,"Find BMS screen definitions",0.6685,0.6615,0.7422,1.0000,5
small-1536-paragraph,5,"Find CICS screen navigation",0.6326,0.6477,0.6636,0.6667,5
small-1536-paragraph,10,"Find main menu / sign-on entry point",0.6634,0.6387,0.7181,0.7500,10
small-1536-paragraph,10,"Identify credit card update program",0.7167,0.6270,0.9515,1.0000,10
small-1536-paragraph,10,"Locate file I/O code",0.5927,0.5902,0.6481,0.0000,10
small-1536-paragraph,10,"Find COPY dependencies",0.7750,0.8232,0.8675,1.0000,10
small-1536-paragraph,10,"Find customer record modification code",0.6587,0.6345,0.7165,1.0000,10
small-1536-paragraph,10,"Find credit card validation logic",0.6478,0.6502,0.6586,0.7500,10
small-1536-paragraph,10,"Find authentication logic",0.5966,0.5711,0.6637,1.0000,10
small-1536-paragraph,10,"Find batch transaction processing",0.5900,0.5257,0.7293,0.5000,10
small-1536-paragraph,10,"Find BMS screen definitions",0.6592,0.6627,0.7184,1.0000,10
small-1536-paragraph,10,"Find CICS screen navigation",0.9689,0.4621,1.9941,0.8333,10
small-1536-paragraph,20,"Find main menu / sign-on entry point",0.6545,0.6368,0.7806,0.7500,20
small-1536-paragraph,20,"Identify credit card update program",0.5931,0.5913,0.6579,1.0000,20
small-1536-paragraph,20,"Locate file I/O code",0.5322,0.5237,0.6028,0.3333,20
small-1536-paragraph,20,"Find COPY dependencies",0.5408,0.5256,0.6055,1.0000,20
small-1536-paragraph,20,"Find customer record modification code",0.6665,0.6658,0.7714,1.0000,20
small-1536-paragraph,20,"Find credit card validation logic",0.5699,0.5579,0.6094,0.7500,20
small-1536-paragraph,20,"Find authentication logic",0.5509,0.5454,0.5752,1.0000,20
small-1536-paragraph,20,"Find batch transaction processing",0.5862,0.5605,0.6526,0.5000,20
small-1536-paragraph,20,"Find BMS screen definitions",0.5590,0.5683,0.5797,1.0000,20
small-1536-paragraph,20,"Find CICS screen navigation",0.5515,0.5380,0.5877,0.8333,20
small-1536-paragraph,50,"Find main menu / sign-on entry point",0.6219,0.6231,0.6457,0.7500,50
small-1536-paragraph,50,"Identify credit card update program",0.6189,0.6302,0.6676,1.0000,50
small-1536-paragraph,50,"Locate file I/O code",0.5894,0.6099,0.6295,0.8333,50
small-1536-paragraph,50,"Find COPY dependencies",0.5556,0.5430,0.5944,1.0000,50
small-1536-paragraph,50,"Find customer record modification code",0.5962,0.6041,0.6180,1.0000,50
small-1536-paragraph,50,"Find credit card validation logic",0.6707,0.6904,0.7128,0.7500,50
small-1536-paragraph,50,"Find authentication logic",0.5738,0.5765,0.6009,1.0000,50
small-1536-paragraph,50,"Find batch transaction processing",0.6014,0.5708,0.6735,0.5000,50
small-1536-paragraph,50,"Find BMS screen definitions",0.6502,0.6491,0.6926,1.0000,50
small-1536-paragraph,50,"Find CICS screen navigation",0.6182,0.6186,0.6267,0.8333,50
small-1536-fixed,3,"Find main menu / sign-on entry point",0.6521,0.6489,0.7451,0.5000,3
small-1536-fixed,3,"Identify credit card update program",0.6133,0.5894,0.7004,1.0000,3
small-1536-fixed,3,"Locate file I/O code",0.5954,0.5540,0.6923,0.3333,3
small-1536-fixed,3,"Find COPY dependencies",0.5390,0.5768,0.5774,1.0000,3
small-1536-fixed,3,"Find customer record modification code",0.5605,0.5664,0.5677,1.0000,3
small-1536-fixed,3,"Find credit card validation logic",0.5825,0.5843,0.5875,0.2500,3
small-1536-fixed,3,"Find authentication logic",0.5368,0.5286,0.5570,0.2500,3
small-1536-fixed,3,"Find batch transaction processing",0.6008,0.6109,0.6117,0.0000,3
small-1536-fixed,3,"Find BMS screen definitions",0.5624,0.5885,0.6079,0.5000,3
small-1536-fixed,3,"Find CICS screen navigation",0.9190,0.6504,1.5661,0.0000,3
small-1536-fixed,5,"Find main menu / sign-on entry point",0.5387,0.5383,0.5716,0.5000,5
small-1536-fixed,5,"Identify credit card update program",0.5893,0.5588,0.6554,1.0000,5
small-1536-fixed,5,"Locate file I/O code",0.5656,0.5802,0.6142,0.3333,5
small-1536-fixed,5,"Find COPY dependencies",0.5733,0.5672,0.6039,1.0000,5
small-1536-fixed,5,"Find customer record modification code",0.5732,0.5547,0.6305,1.0000,5
small-1536-fixed,5,"Find credit card validation logic",0.5677,0.5613,0.5836,0.5000,5
small-1536-fixed,5,"Find authentication logic",0.7312,0.6867,0.8541,0.2500,5
small-1536-fixed,5,"Find batch transaction processing",0.5203,0.5319,0.5375,0.0000,5
small-1536-fixed,5,"Find BMS screen definitions",0.5607,0.5451,0.6547,0.5000,5
small-1536-fixed,5,"Find CICS screen navigation",0.5430,0.5620,0.5991,0.0000,5
small-1536-fixed,10,"Find main menu / sign-on entry point",0.6057,0.5673,0.7511,0.5000,10
small-1536-fixed,10,"Identify credit card update program",0.5570,0.5549,0.5827,1.0000,10
small-1536-fixed,10,"Locate file I/O code",0.5305,0.5199,0.5744,0.3333,10
small-1536-fixed,10,"Find COPY dependencies",0.5486,0.5715,0.5909,1.0000,10
small-1536-fixed,10,"Find customer record modification code",0.5613,0.5220,0.6624,1.0000,10
small-1536-fixed,10,"Find credit card validation logic",0.5499,0.5458,0.6034,0.5000,10
small-1536-fixed,10,"Find authentication logic",0.6666,0.6967,0.7700,0.2500,10
small-1536-fixed,10,"Find batch transaction processing",0.7039,0.6451,0.8367,0.5000,10
small-1536-fixed,10,"Find BMS screen definitions",0.7374,0.6705,0.8752,1.0000,10
small-1536-fixed,10,"Find CICS screen navigation",0.6660,0.6859,0.7215,0.0000,10
small-1536-fixed,20,"Find main menu / sign-on entry point",0.6616,0.6525,0.7430,0.5000,20
small-1536-fixed,20,"Identify credit card update program",0.6240,0.5906,0.6949,1.0000,20
small-1536-fixed,20,"Locate file I/O code",0.7552,0.6589,0.9597,0.5000,20
small-1536-fixed,20,"Find COPY dependencies",0.7981,0.5964,1.2137,1.0000,20
small-1536-fixed,20,"Find customer record modification code",0.5594,0.5636,0.5862,1.0000,20
small-1536-fixed,20,"Find credit card validation logic",0.6116,0.5958,0.6621,0.5000,20
small-1536-fixed,20,"Find authentication logic",0.5822,0.5910,0.6167,0.2500,20
small-1536-fixed,20,"Find batch transaction processing",0.5337,0.5433,0.5455,1.0000,20
small-1536-fixed,20,"Find BMS screen definitions",0.5851,0.6160,0.6459,1.0000,20
small-1536-fixed,20,"Find CICS screen navigation",0.5242,0.5261,0.5381,0.1667,20
small-1536-fixed,50,"Find main menu / sign-on entry point",0.6157,0.6172,0.6815,0.5000,50
small-1536-fixed,50,"Identify credit card update program",0.6320,0.6454,0.6903,1.0000,50
small-1536-fixed,50,"Locate file I/O code",0.6668,0.6615,0.6900,0.6667,50
small-1536-fixed,50,"Find COPY dependencies",0.7012,0.6772,0.8214,1.0000,50
small-1536-fixed,50,"Find customer record modification code",0.7276,0.7073,0.8134,1.0000,50
small-1536-fixed,50,"Find credit card validation logic",0.6346,0.6161,0.6734,0.5000,50
small-1536-fixed,50,"Find authentication logic",0.7501,0.7452,0.8045,0.2500,50
small-1536-fixed,50,"Find batch transaction processing",0.7144,0.7276,0.7509,1.0000,50
small-1536-fixed,50,"Find BMS screen definitions",0.8191,0.7838,1.0862,1.0000,50
small-1536-fixed,50,"Find CICS screen navigation",0.8271,0.7945,1.0162,0.3333,50
large-512-paragraph,3,"Find main menu / sign-on entry point",0.6720,0.6728,0.7865,0.2500,3
large-512-paragraph,3,"Identify credit card update program",0.5396,0.5401,0.5569,1.0000,3
large-512-paragraph,3,"Locate file I/O code",0.5630,0.5647,0.5813,0.3333,3
large-512-paragraph,3,"Find COPY dependencies",0.5556,0.5595,0.5676,0.0000,3
large-512-paragraph,3,"Find customer record modification code",0.5559,0.5009,0.6712,1.0000,3
large-512-paragraph,3,"Find credit card validation logic",0.5892,0.6080,0.6265,0.5000,3
large-512-paragraph,3,"Find authentication logic",0.5630,0.5510,0.6334,0.5000,3
large-512-paragraph,3,"Find batch transaction processing",0.6560,0.6303,0.7950,0.0000,3
large-512-paragraph,3,"Find BMS screen definitions",0.5642,0.5791,0.5867,0.5000,3
large-512-paragraph,3,"Find CICS screen navigation",0.5265,0.5416,0.5587,0.3333,3
large-512-paragraph,5,"Find main menu / sign-on entry point",0.6251,0.6071,0.6838,0.5000,5
large-512-paragraph,5,"Identify credit card update program",0.5697,0.5705,0.6271,1.0000,5
large-512-paragraph,5,"Locate file I/O code",0.5441,0.5281,0.5857,0.3333,5
large-512-paragraph,5,"Find COPY dependencies",0.5272,0.5286,0.5366,0.0000,5
large-512-paragraph,5,"Find customer record modification code",0.6562,0.6399,0.7279,1.0000,5
large-512-paragraph,5,"Find credit card validation logic",0.5298,0.5120,0.5817,0.5000,5
large-512-paragraph,5,"Find authentication logic",0.5989,0.5684,0.6905,0.5000,5
large-512-paragraph,5,"Find batch transaction processing",0.5008,0.4979,0.5361,0.0000,5
large-512-paragraph,5,"Find BMS screen definitions",0.5272,0.5245,0.5392,1.0000,5
large-512-paragraph,5,"Find CICS screen navigation",0.5169,0.4930,0.5740,0.5000,5
large-512-paragraph,10,"Find main menu / sign-on entry point",0.5176,0.5156,0.5410,0.7500,10
large-512-paragraph,10,"Identify credit card update program",0.5356,0.5173,0.5909,1.0000,10
large-512-paragraph,10,"Locate file I/O code",0.5464,0.5051,0.6299,0.3333,10
large-512-paragraph,10,"Find COPY dependencies",0.5920,0.6130,0.6405,1.0000,10
large-512-paragraph,10,"Find customer record modification code",0.6151,0.6263,0.6377,1.0000,10
large-512-paragraph,10,"Find credit card validation logic",0.5815,0.5465,0.7083,0.7500,10
large-512-paragraph,10,"Find authentication logic",0.5685,0.5782,0.5832,0.7500,10
large-512-paragraph,10,"Find batch transaction processing",0.6065,0.6145,0.6538,0.5000,10
large-512-paragraph,10,"Find BMS screen definitions",0.5997,0.6301,0.6633,1.0000,10
large-512-paragraph,10,"Find CICS screen navigation",0.6074,0.6345,0.6389,0.5000,10
large-512-paragraph,20,"Find main menu / sign-on entry point",0.6396,0.6537,0.6563,0.7500,20
large-512-paragraph,20,"Identify credit card update program",0.7127,0.6536,0.8935,1.0000,20
large-512-paragraph,20,"Locate file I/O code",0.5604,0.5982,0.6042,0.5000,20
large-512-paragraph,20,"Find COPY dependencies",0.7220,0.7245,0.8845,1.0000,20
large-512-paragraph,20,"Find customer record modification code",0.5139,0.4786,0.6007,1.0000,20
large-512-paragraph,20,"Find credit card validation logic",0.5599,0.5584,0.5646,0.7500,20
large-512-paragraph,20,"Find authentication logic",0.6770,0.5892,0.9102,1.0000,20
large-512-paragraph,20,"Find batch transaction processing",0.5879,0.6188,0.6798,0.5000,20
large-512-paragraph,20,"Find BMS screen definitions",0.5923,0.6014,0.6062,1.0000,20
large-512-paragraph,20,"Find CICS screen navigation",0.5677,0.5605,0.6050,0.8333,20
large-512-paragraph,50,"Find main menu / sign-on entry point",0.6654,0.6781,0.6946,0.7500,50
large-512-paragraph,50,"Identify credit card update program",1.2721,0.6929,2.4595,1.0000,50
large-512-paragraph,50,"Locate file I/O code",0.6512,0.6010,0.7644,0.6667,50
large-512-paragraph,50,"Find COPY dependencies",0.7275,0.7151,0.7560,1.0000,50
large-512-paragraph,50,"Find customer record modification code",0.6689,0.6481,0.7169,1.0000,50
large-512-paragraph,50,"Find credit card validation logic",0.6112,0.6024,0.6462,1.0000,50
large-512-paragraph,50,"Find authentication logic",0.5916,0.6028,0.6267,1.0000,50
large-512-paragraph,50,"Find batch transaction processing",0.7187,0.7334,0.8758,1.0000,50
large-512-paragraph,50,"Find BMS screen definitions",0.6099,0.6064,0.6430,1.0000,50
large-512-paragraph,50,"Find CICS screen navigation",0.5417,0.5380,0.5885,0.8333,50
large-512-fixed,3,"Find main menu / sign-on entry point",0.6882,0.7464,0.8101,0.0000,3
large-512-fixed,3,"Identify credit card update program",0.6191,0.5676,0.7654,1.0000,3
large-512-fixed,3,"Locate file I/O code",0.5565,0.5472,0.6014,0.0000,3
large-512-fixed,3,"Find COPY dependencies",0.5347,0.5251,0.5728,0.0000,3
large-512-fixed,3,"Find customer record modification code",0.6920,0.7608,0.7612,0.0000,3
large-512-fixed,3,"Find credit card validation logic",0.5967,0.5629,0.7165,0.5000,3
large-512-fixed,3,"Find authentication logic",0.5027,0.5070,0.5111,0.2500,3
large-512-fixed,3,"Find batch transaction processing",0.6129,0.5323,0.8184,0.0000,3
large-512-fixed,3,"Find BMS screen definitions",0.5208,0.5215,0.5345,1.0000,3
large-512-fixed,3,"Find CICS screen navigation",0.5663,0.5981,0.6155,0.0000,3
large-512-fixed,5,"Find main menu / sign-on entry point",0.5209,0.5436,0.5552,0.0000,5
large-512-fixed,5,"Identify credit card update program",0.5217,0.5078,0.5676,1.0000,5
large-512-fixed,5,"Locate file I/O code",0.5553,0.5272,0.6488,0.1667,5
large-512-fixed,5,"Find COPY dependencies",0.5323,0.5285,0.5426,1.0000,5
large-512-fixed,5,"Find customer record modification code",0.4866,0.4890,0.5551,0.0000,5
large-512-fixed,5,"Find credit card validation logic",0.5984,0.5037,0.7921,0.5000,5
large-512-fixed,5,"Find authentication logic",0.5045,0.5163,0.5637,0.2500,5
large-512-fixed,5,"Find batch transaction processing",0.6743,0.5318,0.9690,0.0000,5
large-512-fixed,5,"Find BMS screen definitions",0.5664,0.5364,0.6303,1.0000,5
large-512-fixed,5,"Find CICS screen navigation",0.8760,0.5541,1.6158,0.0000,5
large-512-fixed,10,"Find main menu / sign-on entry point",0.5275,0.5364,0.5442,0.0000,10
large-512-fixed,10,"Identify credit card update program",0.5795,0.5223,0.6957,1.0000,10
large-512-fixed,10,"Locate file I/O code",1.0855,0.5765,2.1368,0.3333,10
large-512-fixed,10,"Find COPY dependencies",0.5141,0.5097,0.5403,1.0000,10
large-512-fixed,10,"Find customer record modification code",0.6393,0.5907,0.7687,0.0000,10
large-512-fixed,10,"Find credit card validation logic",0.4952,0.4989,0.5505,0.5000,10
large-512-fixed,10,"Find authentication logic",0.4893,0.5146,0.5476,0.2500,10
large-512-fixed,10,"Find batch transaction processing",0.5451,0.5259,0.5854,0.0000,10
large-512-fixed,10,"Find BMS screen definitions",0.4927,0.4642,0.5674,1.0000,10
large-512-fixed,10,"Find CICS screen navigation",0.5051,0.5035,0.5246,0.0000,10
large-512-fixed,20,"Find main menu / sign-on entry point",0.7389,0.6129,1.1709,0.5000,20
large-512-fixed,20,"Identify credit card update program",0.4832,0.4554,0.5428,1.0000,20
large-512-fixed,20,"Locate file I/O code",0.5561,0.5721,0.5919,0.5000,20
large-512-fixed,20,"Find COPY dependencies",0.5309,0.5163,0.5844,1.0000,20
large-512-fixed,20,"Find customer record modification code",0.5254,0.5162,0.5964,1.0000,20
large-512-fixed,20,"Find credit card validation logic",0.5082,0.5075,0.5200,0.5000,20
large-512-fixed,20,"Find authentication logic",0.5393,0.5281,0.5855,0.2500,20
large-512-fixed,20,"Find batch transaction processing",0.5856,0.5339,0.6994,0.0000,20
large-512-fixed,20,"Find BMS screen definitions",0.5019,0.5182,0.5318,1.0000,20
large-512-fixed,20,"Find CICS screen navigation",0.5175,0.5108,0.5339,0.0000,20
large-512-fixed,50,"Find main menu / sign-on entry point",0.6650,0.6497,0.7205,0.5000,50
large-512-fixed,50,"Identify credit card update program",0.6126,0.6122,0.6788,1.0000,50
large-512-fixed,50,"Locate file I/O code",0.6214,0.6190,0.6480,0.5556,50
large-512-fixed,50,"Find COPY dependencies",0.6839,0.6723,0.7266,1.0000,50
large-512-fixed,50,"Find customer record modification code",0.6361,0.6362,0.6984,1.0000,50
large-512-fixed,50,"Find credit card validation logic",0.7542,0.7274,0.9177,0.5000,50
large-512-fixed,50,"Find authentication logic",0.6194,0.6444,0.6688,0.2500,50
large-512-fixed,50,"Find batch transaction processing",0.6783,0.6787,0.7171,1.0000,50
large-512-fixed,50,"Find BMS screen definitions",0.6937,0.6838,0.7284,1.0000,50
large-512-fixed,50,"Find CICS screen navigation",0.7116,0.7112,0.7453,0.3333,50
large-1024-paragraph,3,"Find main menu / sign-on entry point",0.7174,0.6736,0.8594,0.2500,3
large-1024-paragraph,3,"Identify credit card update program",0.6989,0.7191,0.7772,1.0000,3
large-1024-paragraph,3,"Locate file I/O code",0.6092,0.6062,0.6521,0.1667,3
large-1024-paragraph,3,"Find COPY dependencies",1.7504,1.1420,3.4592,1.0000,3
large-1024-paragraph,3,"Find customer record modification code",0.6658,0.6667,0.7188,1.0000,3
large-1024-paragraph,3,"Find credit card validation logic",0.7033,0.6691,0.8386,0.5000,3
large-1024-paragraph,3,"Find authentication logic",0.6606,0.6560,0.6760,0.5000,3
large-1024-paragraph,3,"Find batch transaction processing",0.7090,0.7102,0.8102,0.0000,3
large-1024-paragraph,3,"Find BMS screen definitions",0.6148,0.5825,0.6923,0.5000,3
large-1024-paragraph,3,"Find CICS screen navigation",0.6716,0.6435,0.7291,0.3333,3
large-1024-paragraph,5,"Find main menu / sign-on entry point",0.6503,0.6196,0.7473,0.5000,5
large-1024-paragraph,5,"Identify credit card update program",0.8481,0.7670,1.1227,1.0000,5
large-1024-paragraph,5,"Locate file I/O code",0.6431,0.6663,0.6690,0.3333,5
large-1024-paragraph,5,"Find COPY dependencies",0.5775,0.5915,0.5995,1.0000,5
large-1024-paragraph,5,"Find customer record modification code",0.5808,0.5960,0.6160,1.0000,5
large-1024-paragraph,5,"Find credit card validation logic",0.5699,0.5673,0.5865,0.7500,5
large-1024-paragraph,5,"Find authentication logic",0.7317,0.5848,1.0590,0.5000,5
large-1024-paragraph,5,"Find batch transaction processing",0.5621,0.5294,0.6336,0.0000,5
large-1024-paragraph,5,"Find BMS screen definitions",0.7197,0.6476,0.9642,1.0000,5
large-1024-paragraph,5,"Find CICS screen navigation",0.5675,0.5598,0.5897,0.5000,5
large-1024-paragraph,10,"Find main menu / sign-on entry point",0.5588,0.5738,0.5890,0.7500,10
large-1024-paragraph,10,"Identify credit card update program",0.6078,0.6117,0.6349,1.0000,10
large-1024-paragraph,10,"Locate file I/O code",0.7773,0.5844,1.1756,0.5000,10
large-1024-paragraph,10,"Find COPY dependencies",0.5890,0.5705,0.6356,1.0000,10
large-1024-paragraph,10,"Find customer record modification code",0.6082,0.6164,0.6607,1.0000,10
large-1024-paragraph,10,"Find credit card validation logic",0.6060,0.6052,0.6314,0.7500,10
large-1024-paragraph,10,"Find authentication logic",0.7483,0.6196,1.0196,0.7500,10
large-1024-paragraph,10,"Find batch transaction processing",0.6548,0.6418,0.7331,0.5000,10
large-1024-paragraph,10,"Find BMS screen definitions",0.5915,0.6096,0.6606,1.0000,10
large-1024-paragraph,10,"Find CICS screen navigation",0.5592,0.5363,0.6219,0.5000,10
large-1024-paragraph,20,"Find main menu / sign-on entry point",0.6253,0.5832,0.7146,0.7500,20
large-1024-paragraph,20,"Identify credit card update program",0.6019,0.5610,0.6889,1.0000,20
large-1024-paragraph,20,"Locate file I/O code",0.5526,0.5697,0.5752,0.5000,20
large-1024-paragraph,20,"Find COPY dependencies",0.7843,0.7537,1.0337,1.0000,20
large-1024-paragraph,20,"Find customer record modification code",0.6171,0.6176,0.6623,1.0000,20
large-1024-paragraph,20,"Find credit card validation logic",0.5698,0.5614,0.5992,0.7500,20
large-1024-paragraph,20,"Find authentication logic",0.5506,0.5557,0.5821,1.0000,20
large-1024-paragraph,20,"Find batch transaction processing",0.5501,0.5532,0.6080,0.5000,20
large-1024-paragraph,20,"Find BMS screen definitions",0.5366,0.5291,0.5837,1.0000,20
large-1024-paragraph,20,"Find CICS screen navigation",0.5634,0.5067,0.6771,0.6667,20
large-1024-paragraph,50,"Find main menu / sign-on entry point",0.6361,0.6365,0.6804,0.7500,50
large-1024-paragraph,50,"Identify credit card update program",0.6356,0.6324,0.6872,1.0000,50
large-1024-paragraph,50,"Locate file I/O code",0.7299,0.7033,0.8836,0.6667,50
large-1024-paragraph,50,"Find COPY dependencies",0.9695,0.6454,1.6556,1.0000,50
large-1024-paragraph,50,"Find customer record modification code",0.7304,0.6056,1.0103,1.0000,50
large-1024-paragraph,50,"Find credit card validation logic",0.6707,0.6370,0.7943,1.0000,50
large-1024-paragraph,50,"Find authentication logic",0.5573,0.5405,0.6012,1.0000,50
large-1024-paragraph,50,"Find batch transaction processing",0.5778,0.5932,0.5938,1.0000,50
large-1024-paragraph,50,"Find BMS screen definitions",0.6297,0.6082,0.6753,1.0000,50
large-1024-paragraph,50,"Find CICS screen navigation",0.6684,0.6726,0.7532,0.8333,50
large-1024-fixed,3,"Find main menu / sign-on entry point",0.6933,0.6721,0.8052,0.0000,3
large-1024-fixed,3,"Identify credit card update program",0.5644,0.5683,0.6170,1.0000,3
large-1024-fixed,3,"Locate file I/O code",0.5973,0.5986,0.6436,0.1667,3
large-1024-fixed,3,"Find COPY dependencies",0.5046,0.5188,0.5297,0.0000,3
large-1024-fixed,3,"Find customer record modification code",0.5498,0.5267,0.5988,0.0000,3
large-1024-fixed,3,"Find credit card validation logic",0.5448,0.5515,0.5757,0.5000,3
large-1024-fixed,3,"Find authentication logic",0.7795,0.5631,1.2610,0.2500,3
large-1024-fixed,3,"Find batch transaction processing",0.6519,0.5902,0.8579,0.0000,3
large-1024-fixed,3,"Find BMS screen definitions",0.6858,0.5978,0.9241,0.5000,3
large-1024-fixed,3,"Find CICS screen navigation",0.6609,0.6073,0.8153,0.0000,3
large-1024-fixed,5,"Find main menu / sign-on entry point",0.7845,0.7893,0.9102,0.0000,5
large-1024-fixed,5,"Identify credit card update program",0.6655,0.6357,0.7634,1.0000,5
large-1024-fixed,5,"Locate file I/O code",0.6059,0.5915,0.6428,0.3333,5
large-1024-fixed,5,"Find COPY dependencies",0.6429,0.6050,0.7702,1.0000,5
large-1024-fixed,5,"Find customer record modification code",0.7031,0.6435,0.8992,0.0000,5
large-1024-fixed,5,"Find credit card validation logic",0.6548,0.6299,0.7274,0.5000,5
large-1024-fixed,5,"Find authentication logic",0.5605,0.5604,0.5749,0.2500,5
large-1024-fixed,5,"Find batch transaction processing",0.6017,0.6038,0.6795,0.0000,5
large-1024-fixed,5,"Find BMS screen definitions",0.5751,0.5660,0.5983,0.5000,5
large-1024-fixed,5,"Find CICS screen navigation",0.5686,0.5583,0.6290,0.0000,5
large-1024-fixed,10,"Find main menu / sign-on entry point",0.5570,0.5670,0.5699,0.2500,10
large-1024-fixed,10,"Identify credit card update program",1.0904,0.5650,2.1984,1.0000,10
large-1024-fixed,10,"Locate file I/O code",0.5800,0.5750,0.6676,0.5000,10
large-1024-fixed,10,"Find COPY dependencies",0.5953,0.6080,0.6284,1.0000,10
large-1024-fixed,10,"Find customer record modification code",0.5891,0.5388,0.7022,1.0000,10
large-1024-fixed,10,"Find credit card validation logic",0.5038,0.5119,0.5276,0.5000,10
large-1024-fixed,10,"Find authentication logic",0.5260,0.5219,0.5722,0.2500,10
large-1024-fixed,10,"Find batch transaction processing",0.5742,0.5632,0.6064,0.0000,10
large-1024-fixed,10,"Find BMS screen definitions",0.5021,0.4970,0.5379,1.0000,10
large-1024-fixed,10,"Find CICS screen navigation",0.5083,0.5092,0.5413,0.0000,10
large-1024-fixed,20,"Find main menu / sign-on entry point",0.5450,0.5562,0.6000,0.5000,20
large-1024-fixed,20,"Identify credit card update program",0.5848,0.5006,0.7546,1.0000,20
large-1024-fixed,20,"Locate file I/O code",1.1690,0.6469,2.2812,0.5000,20
large-1024-fixed,20,"Find COPY dependencies",0.7032,0.5749,1.0073,1.0000,20
large-1024-fixed,20,"Find customer record modification code",0.5566,0.5216,0.6313,1.0000,20
large-1024-fixed,20,"Find credit card validation logic",0.6661,0.6255,0.7640,0.5000,20
large-1024-fixed,20,"Find authentication logic",0.5773,0.5845,0.6065,0.2500,20
large-1024-fixed,20,"Find batch transaction processing",0.6317,0.6496,0.6703,0.0000,20
large-1024-fixed,20,"Find BMS screen definitions",0.5160,0.5072,0.5510,1.0000,20
large-1024-fixed,20,"Find CICS screen navigation",0.6735,0.6253,0.9170,0.0000,20
large-1024-fixed,50,"Find main menu / sign-on entry point",0.7404,0.7279,0.7707,0.5000,50
large-1024-fixed,50,"Identify credit card update program",0.7548,0.7616,0.7765,1.0000,50
large-1024-fixed,50,"Locate file I/O code",0.7710,0.7586,0.8387,0.5000,50
large-1024-fixed,50,"Find COPY dependencies",0.9706,0.8264,1.3588,1.0000,50
large-1024-fixed,50,"Find customer record modification code",0.7563,0.7614,0.8332,1.0000,50
large-1024-fixed,50,"Find credit card validation logic",0.7997,0.8270,0.8479,0.5000,50
large-1024-fixed,50,"Find authentication logic",0.6574,0.6134,0.7490,0.2500,50
large-1024-fixed,50,"Find batch transaction processing",0.6465,0.6220,0.6995,1.0000,50
large-1024-fixed,50,"Find BMS screen definitions",0.6253,0.6296,0.6537,1.0000,50
large-1024-fixed,50,"Find CICS screen navigation",0.5802,0.5834,0.6013,0.3333,50
large-1536-paragraph,3,"Find main menu / sign-on entry point",0.6774,0.7301,0.8035,0.2500,3
large-1536-paragraph,3,"Identify credit card update program",0.6324,0.6702,0.7410,1.0000,3
large-1536-paragraph,3,"Locate file I/O code",0.5834,0.5959,0.6308,0.3333,3
large-1536-paragraph,3,"Find COPY dependencies",0.5321,0.5344,0.5410,1.0000,3
large-1536-paragraph,3,"Find customer record modification code",0.6418,0.6901,0.7479,1.0000,3
large-1536-paragraph,3,"Find credit card validation logic",0.6070,0.5813,0.7710,0.5000,3
large-1536-paragraph,3,"Find authentication logic",0.8971,0.5715,1.6189,0.5000,3
large-1536-paragraph,3,"Find batch transaction processing",0.5286,0.5246,0.5446,0.0000,3
large-1536-paragraph,3,"Find BMS screen definitions",0.6619,0.6551,0.7883,0.5000,3
large-1536-paragraph,3,"Find CICS screen navigation",0.6178,0.5500,0.7797,0.3333,3
large-1536-paragraph,5,"Find main menu / sign-on entry point",0.5550,0.5834,0.5985,0.5000,5
large-1536-paragraph,5,"Identify credit card update program",0.5726,0.5428,0.6387,1.0000,5
large-1536-paragraph,5,"Locate file I/O code",0.6805,0.6450,0.7918,0.3333,5
large-1536-paragraph,5,"Find COPY dependencies",0.6067,0.6177,0.6583,1.0000,5
large-1536-paragraph,5,"Find customer record modification code",1.0573,0.7060,1.9480,1.0000,5
large-1536-paragraph,5,"Find credit card validation logic",0.5768,0.5898,0.6689,0.7500,5
large-1536-paragraph,5,"Find authentication logic",0.5703,0.5570,0.6244,0.5000,5
large-1536-paragraph,5,"Find batch transaction processing",0.5064,0.5055,0.5147,0.0000,5
large-1536-paragraph,5,"Find BMS screen definitions",0.7478,0.6364,1.0341,1.0000,5
large-1536-paragraph,5,"Find CICS screen navigation",0.7741,0.5135,1.3217,0.5000,5
large-1536-paragraph,10,"Find main menu / sign-on entry point",0.4987,0.5043,0.5306,0.7500,10
large-1536-paragraph,10,"Identify credit card update program",0.5775,0.5712,0.5931,1.0000,10
large-1536-paragraph,10,"Locate file I/O code",0.6392,0.5151,0.9325,0.5000,10
large-1536-paragraph,10,"Find COPY dependencies",0.6043,0.6138,0.6634,1.0000,10
large-1536-paragraph,10,"Find customer record modification code",0.5700,0.5733,0.6185,1.0000,10
large-1536-paragraph,10,"Find credit card validation logic",0.5061,0.4907,0.5411,0.7500,10
large-1536-paragraph,10,"Find authentication logic",0.5274,0.5307,0.5401,0.7500,10
large-1536-paragraph,10,"Find batch transaction processing",0.5020,0.4881,0.5435,0.5000,10
large-1536-paragraph,10,"Find BMS screen definitions",0.7148,0.7146,0.7734,1.0000,10
large-1536-paragraph,10,"Find CICS screen navigation",0.6070,0.6202,0.6302,0.5000,10
large-1536-paragraph,20,"Find main menu / sign-on entry point",0.6255,0.6512,0.6568,0.7500,20
large-1536-paragraph,20,"Identify credit card update program",0.7057,0.6871,0.7479,1.0000,20
large-1536-paragraph,20,"Locate file I/O code",0.7853,0.6790,1.0124,0.6667,20
large-1536-paragraph,20,"Find COPY dependencies",0.6845,0.6515,0.7668,1.0000,20
large-1536-paragraph,20,"Find customer record modification code",0.6693,0.6722,0.7163,1.0000,20
large-1536-paragraph,20,"Find credit card validation logic",0.6387,0.6401,0.6546,0.7500,20
large-1536-paragraph,20,"Find authentication logic",0.9590,0.8016,1.4802,1.0000,20
large-1536-paragraph,20,"Find batch transaction processing",0.6051,0.5881,0.6432,0.5000,20
large-1536-paragraph,20,"Find BMS screen definitions",0.6213,0.5812,0.7157,1.0000,20
large-1536-paragraph,20,"Find CICS screen navigation",0.5587,0.5646,0.6028,0.5000,20
large-1536-paragraph,50,"Find main menu / sign-on entry point",0.7018,0.6778,0.8116,0.7500,50
large-1536-paragraph,50,"Identify credit card update program",0.6856,0.6567,0.7911,1.0000,50
large-1536-paragraph,50,"Locate file I/O code",0.6757,0.6641,0.7460,0.6667,50
large-1536-paragraph,50,"Find COPY dependencies",0.6309,0.6412,0.6515,1.0000,50
large-1536-paragraph,50,"Find customer record modification code",0.6446,0.6733,0.6906,1.0000,50
large-1536-paragraph,50,"Find credit card validation logic",0.6625,0.6829,0.7252,1.0000,50
large-1536-paragraph,50,"Find authentication logic",0.5962,0.5956,0.6392,1.0000,50
large-1536-paragraph,50,"Find batch transaction processing",0.6673,0.5750,0.8731,1.0000,50
large-1536-paragraph,50,"Find BMS screen definitions",0.6828,0.6904,0.7135,1.0000,50
large-1536-paragraph,50,"Find CICS screen navigation",0.5412,0.5254,0.5960,0.8333,50
large-1536-fixed,3,"Find main menu / sign-on entry point",0.5591,0.5230,0.7160,0.0000,3
large-1536-fixed,3,"Identify credit card update program",0.6493,0.5259,0.9053,1.0000,3
large-1536-fixed,3,"Locate file I/O code",0.5173,0.4988,0.5562,0.1667,3
large-1536-fixed,3,"Find COPY dependencies",0.5138,0.5480,0.5512,0.0000,3
large-1536-fixed,3,"Find customer record modification code",0.4935,0.4892,0.5518,0.0000,3
large-1536-fixed,3,"Find credit card validation logic",0.5422,0.4902,0.6714,0.5000,3
large-1536-fixed,3,"Find authentication logic",0.4931,0.4915,0.5049,0.2500,3
large-1536-fixed,3,"Find batch transaction processing",0.5102,0.5075,0.5378,0.0000,3
large-1536-fixed,3,"Find BMS screen definitions",0.5812,0.6034,0.6633,0.5000,3
large-1536-fixed,3,"Find CICS screen navigation",0.4954,0.4974,0.4996,0.0000,3
large-1536-fixed,5,"Find main menu / sign-on entry point",0.6733,0.7138,0.7704,0.0000,5
large-1536-fixed,5,"Identify credit card update program",0.5213,0.5159,0.5685,1.0000,5
large-1536-fixed,5,"Locate file I/O code",0.5763,0.6245,0.6686,0.3333,5
large-1536-fixed,5,"Find COPY dependencies",0.5497,0.5351,0.6148,1.0000,5
large-1536-fixed,5,"Find customer record modification code",0.6446,0.6230,0.7383,1.0000,5
large-1536-fixed,5,"Find credit card validation logic",0.5601,0.5350,0.6207,0.5000,5
large-1536-fixed,5,"Find authentication logic",0.5468,0.5105,0.6518,0.2500,5
large-1536-fixed,5,"Find batch transaction processing",0.5933,0.6327,0.6380,0.0000,5
large-1536-fixed,5,"Find BMS screen definitions",0.5457,0.5456,0.5714,0.5000,5
large-1536-fixed,5,"Find CICS screen navigation",0.5341,0.4962,0.6163,0.0000,5
large-1536-fixed,10,"Find main menu / sign-on entry point",0.6548,0.6124,0.8583,0.5000,10
large-1536-fixed,10,"Identify credit card update program",0.5460,0.5476,0.5602,1.0000,10
large-1536-fixed,10,"Locate file I/O code",0.5499,0.5333,0.6378,0.5000,10
large-1536-fixed,10,"Find COPY dependencies",0.5577,0.5398,0.6262,1.0000,10
large-1536-fixed,10,"Find customer record modification code",0.5308,0.5364,0.5599,1.0000,10
large-1536-fixed,10,"Find credit card validation logic",0.5834,0.5792,0.6048,0.5000,10
large-1536-fixed,10,"Find authentication logic",0.5376,0.5186,0.5762,0.2500,10
large-1536-fixed,10,"Find batch transaction processing",0.6092,0.6098,0.6224,0.0000,10
large-1536-fixed,10,"Find BMS screen definitions",1.4977,0.8253,2.9979,1.0000,10
large-1536-fixed,10,"Find CICS screen navigation",0.5529,0.5511,0.5580,0.0000,10
large-1536-fixed,20,"Find main menu / sign-on entry point",0.6401,0.6564,0.6913,0.5000,20
large-1536-fixed,20,"Identify credit card update program",0.7946,0.6879,1.0294,1.0000,20
large-1536-fixed,20,"Locate file I/O code",0.6107,0.6375,0.6504,0.5000,20
large-1536-fixed,20,"Find COPY dependencies",0.6374,0.6655,0.6945,1.0000,20
large-1536-fixed,20,"Find customer record modification code",0.5886,0.5796,0.6185,1.0000,20
large-1536-fixed,20,"Find credit card validation logic",0.5465,0.5682,0.5693,0.5000,20
large-1536-fixed,20,"Find authentication logic",0.5777,0.5488,0.6414,0.2500,20
large-1536-fixed,20,"Find batch transaction processing",0.5790,0.5442,0.6649,0.0000,20
large-1536-fixed,20,"Find BMS screen definitions",0.5684,0.5639,0.5842,1.0000,20
large-1536-fixed,20,"Find CICS screen navigation",0.6045,0.5888,0.6533,0.0000,20
large-1536-fixed,50,"Find main menu / sign-on entry point",0.6014,0.6229,0.6398,0.5000,50
large-1536-fixed,50,"Identify credit card update program",0.6384,0.6661,0.6820,1.0000,50
large-1536-fixed,50,"Locate file I/O code",0.6019,0.5822,0.6476,0.5000,50
large-1536-fixed,50,"Find COPY dependencies",0.7229,0.7293,0.8798,1.0000,50
large-1536-fixed,50,"Find customer record modification code",0.5989,0.5901,0.6283,1.0000,50
large-1536-fixed,50,"Find credit card validation logic",0.6031,0.6005,0.6185,0.5000,50
large-1536-fixed,50,"Find authentication logic",0.5781,0.5796,0.6120,0.2500,50
large-1536-fixed,50,"Find batch transaction processing",0.8031,0.8396,0.9310,1.0000,50
large-1536-fixed,50,"Find BMS screen definitions",0.6539,0.6205,0.7284,1.0000,50
large-1536-fixed,50,"Find CICS screen navigation",0.5922,0.5893,0.6544,0.3333,50
e5-1024-paragraph,3,"Find main menu / sign-on entry point",0.8067,0.9203,0.9279,0.2500,3
e5-1024-paragraph,3,"Identify credit card update program",0.3422,0.3137,0.4081,1.0000,3
e5-1024-paragraph,3,"Locate file I/O code",0.3333,0.3382,0.3592,0.0000,3
e5-1024-paragraph,3,"Find COPY dependencies",0.5147,0.5606,0.6453,1.0000,3
e5-1024-paragraph,3,"Find customer record modification code",0.5434,0.4710,0.7477,1.0000,3
e5-1024-paragraph,3,"Find credit card validation logic",0.3632,0.3704,0.4076,0.2500,3
e5-1024-paragraph,3,"Find authentication logic",0.3404,0.3118,0.4026,0.2500,3
e5-1024-paragraph,3,"Find batch transaction processing",0.3525,0.3634,0.3875,0.5000,3
e5-1024-paragraph,3,"Find BMS screen definitions",0.3536,0.3491,0.3991,0.5000,3
e5-1024-paragraph,3,"Find CICS screen navigation",0.3492,0.3527,0.3901,0.5000,3
e5-1024-paragraph,5,"Find main menu / sign-on entry point",0.3267,0.3192,0.3706,0.2500,5
e5-1024-paragraph,5,"Identify credit card update program",0.3530,0.3501,0.3797,1.0000,5
e5-1024-paragraph,5,"Locate file I/O code",0.4398,0.3730,0.6198,0.0000,5
e5-1024-paragraph,5,"Find COPY dependencies",0.4040,0.3946,0.4637,1.0000,5
e5-1024-paragraph,5,"Find customer record modification code",0.4772,0.4531,0.5389,1.0000,5
e5-1024-paragraph,5,"Find credit card validation logic",0.4759,0.4493,0.5309,0.7500,5
e5-1024-paragraph,5,"Find authentication logic",0.4283,0.4025,0.4894,0.5000,5
e5-1024-paragraph,5,"Find batch transaction processing",0.7468,0.4890,1.2718,0.5000,5
e5-1024-paragraph,5,"Find BMS screen definitions",0.4075,0.3954,0.4483,1.0000,5
e5-1024-paragraph,5,"Find CICS screen navigation",0.4446,0.4508,0.4624,0.6667,5
e5-1024-paragraph,10,"Find main menu / sign-on entry point",0.4293,0.4449,0.4756,0.2500,10
e5-1024-paragraph,10,"Identify credit card update program",0.4756,0.5122,0.5160,1.0000,10
e5-1024-paragraph,10,"Locate file I/O code",0.4033,0.3947,0.4437,0.0000,10
e5-1024-paragraph,10,"Find COPY dependencies",0.3674,0.3837,0.3961,1.0000,10
e5-1024-paragraph,10,"Find customer record modification code",0.4762,0.4689,0.5390,1.0000,10
e5-1024-paragraph,10,"Find credit card validation logic",0.4443,0.4525,0.4525,0.7500,10
e5-1024-paragraph,10,"Find authentication logic",0.4653,0.4906,0.5049,0.7500,10
e5-1024-paragraph,10,"Find batch transaction processing",0.4918,0.4893,0.5182,0.5000,10
e5-1024-paragraph,10,"Find BMS screen definitions",0.4619,0.4703,0.5054,1.0000,10
e5-1024-paragraph,10,"Find CICS screen navigation",0.4825,0.4898,0.5361,0.8333,10
e5-1024-paragraph,20,"Find main menu / sign-on entry point",0.4997,0.5150,0.5420,0.5000,20
e5-1024-paragraph,20,"Identify credit card update program",0.4425,0.4192,0.4999,1.0000,20
e5-1024-paragraph,20,"Locate file I/O code",0.5298,0.5618,0.5868,0.1667,20
e5-1024-paragraph,20,"Find COPY dependencies",0.5462,0.5276,0.5872,1.0000,20
e5-1024-paragraph,20,"Find customer record modification code",0.5181,0.5189,0.5567,1.0000,20
e5-1024-paragraph,20,"Find credit card validation logic",0.5004,0.4976,0.5623,0.7500,20
e5-1024-paragraph,20,"Find authentication logic",0.4522,0.4712,0.4713,1.0000,20
e5-1024-paragraph,20,"Find batch transaction processing",0.4442,0.4140,0.5234,0.5000,20
e5-1024-paragraph,20,"Find BMS screen definitions",0.4276,0.4512,0.4545,1.0000,20
e5-1024-paragraph,20,"Find CICS screen navigation",0.3935,0.3855,0.4324,0.8333,20
e5-1024-paragraph,50,"Find main menu / sign-on entry point",0.4949,0.4538,0.5846,0.7500,50
e5-1024-paragraph,50,"Identify credit card update program",0.4817,0.4867,0.4947,1.0000,50
e5-1024-paragraph,50,"Locate file I/O code",0.5819,0.5662,0.6892,0.5000,50
e5-1024-paragraph,50,"Find COPY dependencies",0.5228,0.5164,0.5644,1.0000,50
e5-1024-paragraph,50,"Find customer record modification code",0.5404,0.5456,0.5615,1.0000,50
e5-1024-paragraph,50,"Find credit card validation logic",0.6021,0.6163,0.6204,0.7500,50
e5-1024-paragraph,50,"Find authentication logic",0.4972,0.5040,0.5179,1.0000,50
e5-1024-paragraph,50,"Find batch transaction processing",0.5928,0.5578,0.7363,0.5000,50
e5-1024-paragraph,50,"Find BMS screen definitions",0.5235,0.5189,0.5723,1.0000,50
e5-1024-paragraph,50,"Find CICS screen navigation",0.4626,0.4883,0.5048,0.8333,50
e5-1024-fixed,3,"Find main menu / sign-on entry point",0.4985,0.4573,0.6274,0.0000,3
e5-1024-fixed,3,"Identify credit card update program",0.3837,0.3840,0.3847,1.0000,3
e5-1024-fixed,3,"Locate file I/O code",0.4374,0.4373,0.4601,0.1667,3
e5-1024-fixed,3,"Find COPY dependencies",0.4138,0.4312,0.4426,1.0000,3
e5-1024-fixed,3,"Find customer record modification code",0.3699,0.3569,0.4194,0.0000,3
e5-1024-fixed,3,"Find credit card validation logic",0.3844,0.3631,0.4520,0.2500,3
e5-1024-fixed,3,"Find authentication logic",0.3860,0.3907,0.4045,0.2500,3
e5-1024-fixed,3,"Find batch transaction processing",0.3612,0.3654,0.3731,0.5000,3
e5-1024-fixed,3,"Find BMS screen definitions",0.3575,0.3616,0.3773,0.5000,3
e5-1024-fixed,3,"Find CICS screen navigation",0.3537,0.3453,0.3831,0.0000,3
e5-1024-fixed,5,"Find main menu / sign-on entry point",0.3655,0.3607,0.4110,0.0000,5
e5-1024-fixed,5,"Identify credit card update program",0.3433,0.3303,0.3754,1.0000,5
e5-1024-fixed,5,"Locate file I/O code",0.3916,0.3750,0.4406,0.1667,5
e5-1024-fixed,5,"Find COPY dependencies",0.3794,0.3986,0.4267,1.0000,5
e5-1024-fixed,5,"Find customer record modification code",0.4222,0.4256,0.4558,0.0000,5
e5-1024-fixed,5,"Find credit card validation logic",0.3733,0.4035,0.4058,0.5000,5
e5-1024-fixed,5,"Find authentication logic",0.4305,0.4584,0.4699,0.2500,5
e5-1024-fixed,5,"Find batch transaction processing",0.4040,0.4157,0.4370,0.5000,5
e5-1024-fixed,5,"Find BMS screen definitions",0.3616,0.3518,0.3875,0.5000,5
e5-1024-fixed,5,"Find CICS screen navigation",0.3978,0.3750,0.4568,0.0000,5
e5-1024-fixed,10,"Find main menu / sign-on entry point",0.3849,0.3815,0.3993,0.2500,10
e5-1024-fixed,10,"Identify credit card update program",0.4014,0.3998,0.4302,1.0000,10
e5-1024-fixed,10,"Locate file I/O code",0.4298,0.4434,0.4993,0.1667,10
e5-1024-fixed,10,"Find COPY dependencies",0.4183,0.4350,0.4575,1.0000,10
e5-1024-fixed,10,"Find customer record modification code",0.4078,0.4207,0.4316,0.0000,10
e5-1024-fixed,10,"Find credit card validation logic",0.4053,0.3931,0.4311,0.5000,10
e5-1024-fixed,10,"Find authentication logic",0.4375,0.4517,0.4841,0.2500,10
e5-1024-fixed,10,"Find batch transaction processing",0.4265,0.4313,0.4452,0.5000,10
e5-1024-fixed,10,"Find BMS screen definitions",0.4640,0.4408,0.5246,1.0000,10
e5-1024-fixed,10,"Find CICS screen navigation",0.4517,0.4596,0.4704,0.1667,10
e5-1024-fixed,20,"Find main menu / sign-on entry point",0.4723,0.4847,0.4932,0.5000,20
e5-1024-fixed,20,"Identify credit card update program",0.5078,0.5339,0.5358,1.0000,20
e5-1024-fixed,20,"Locate file I/O code",0.5240,0.5458,0.5674,0.1667,20
e5-1024-fixed,20,"Find COPY dependencies",0.4892,0.5095,0.5173,1.0000,20
e5-1024-fixed,20,"Find customer record modification code",0.4839,0.4675,0.5279,1.0000,20
e5-1024-fixed,20,"Find credit card validation logic",0.4676,0.4766,0.5199,0.5000,20
e5-1024-fixed,20,"Find authentication logic",0.4745,0.4669,0.4899,0.2500,20
e5-1024-fixed,20,"Find batch transaction processing",0.4831,0.4835,0.5141,1.0000,20
e5-1024-fixed,20,"Find BMS screen definitions",0.4934,0.5194,0.5277,1.0000,20
e5-1024-fixed,20,"Find CICS screen navigation",0.4614,0.4657,0.5432,0.3333,20
e5-1024-fixed,50,"Find main menu / sign-on entry point",0.4561,0.4135,0.5473,0.5000,50
e5-1024-fixed,50,"Identify credit card update program",0.4786,0.4553,0.5721,1.0000,50
e5-1024-fixed,50,"Locate file I/O code",0.5197,0.4838,0.5939,0.5000,50
e5-1024-fixed,50,"Find COPY dependencies",0.4742,0.4860,0.5252,1.0000,50
e5-1024-fixed,50,"Find customer record modification code",0.4861,0.4726,0.5308,1.0000,50
e5-1024-fixed,50,"Find credit card validation logic",0.4400,0.4486,0.4703,0.5000,50
e5-1024-fixed,50,"Find authentication logic",0.5170,0.4860,0.5799,0.2500,50
e5-1024-fixed,50,"Find batch transaction processing",0.4710,0.4581,0.5099,1.0000,50
e5-1024-fixed,50,"Find BMS screen definitions",0.5383,0.5711,0.5734,1.0000,50
e5-1024-fixed,50,"Find CICS screen navigation",0.4995,0.4779,0.6034,0.3333,50
llama-1024-paragraph,3,"Find main menu / sign-on entry point",0.6641,0.5732,0.9942,0.2500,3
llama-1024-paragraph,3,"Identify credit card update program",0.4159,0.3867,0.4764,1.0000,3
llama-1024-paragraph,3,"Locate file I/O code",0.3427,0.3261,0.3840,0.3333,3
llama-1024-paragraph,3,"Find COPY dependencies",0.3517,0.3554,0.3784,1.0000,3
llama-1024-paragraph,3,"Find customer record modification code",0.3557,0.3705,0.3777,1.0000,3
llama-1024-paragraph,3,"Find credit card validation logic",0.3784,0.3879,0.3920,0.7500,3
llama-1024-paragraph,3,"Find authentication logic",0.3951,0.4073,0.4480,0.5000,3
llama-1024-paragraph,3,"Find batch transaction processing",0.3726,0.3617,0.4221,0.5000,3
llama-1024-paragraph,3,"Find BMS screen definitions",0.3148,0.3107,0.3315,1.0000,3
llama-1024-paragraph,3,"Find CICS screen navigation",0.3448,0.3184,0.4068,0.1667,3
llama-1024-paragraph,5,"Find main menu / sign-on entry point",0.3820,0.4080,0.4515,0.5000,5
llama-1024-paragraph,5,"Identify credit card update program",0.3670,0.3173,0.4763,1.0000,5
llama-1024-paragraph,5,"Locate file I/O code",0.4051,0.3677,0.4844,0.3333,5
llama-1024-paragraph,5,"Find COPY dependencies",0.3907,0.4196,0.4458,1.0000,5
llama-1024-paragraph,5,"Find customer record modification code",0.3747,0.3631,0.4069,1.0000,5
llama-1024-paragraph,5,"Find credit card validation logic",0.3440,0.3461,0.3594,0.7500,5
llama-1024-paragraph,5,"Find authentication logic",0.3754,0.3786,0.3978,0.5000,5
llama-1024-paragraph,5,"Find batch transaction processing",0.3590,0.3515,0.3745,0.5000,5
llama-1024-paragraph,5,"Find BMS screen definitions",0.3739,0.3704,0.3830,1.0000,5
llama-1024-paragraph,5,"Find CICS screen navigation",0.3405,0.3391,0.3504,0.1667,5
llama-1024-paragraph,10,"Find main menu / sign-on entry point",0.3924,0.3820,0.4503,0.7500,10
llama-1024-paragraph,10,"Identify credit card update program",0.3581,0.3557,0.3788,1.0000,10
llama-1024-paragraph,10,"Locate file I/O code",0.3799,0.3830,0.4130,0.5000,10
llama-1024-paragraph,10,"Find COPY dependencies",0.4043,0.4169,0.4584,1.0000,10
llama-1024-paragraph,10,"Find customer record modification code",0.3761,0.3750,0.3893,1.0000,10
llama-1024-paragraph,10,"Find credit card validation logic",0.5796,0.5267,0.7676,0.7500,10
llama-1024-paragraph,10,"Find authentication logic",0.4856,0.4954,0.5138,1.0000,10
llama-1024-paragraph,10,"Find batch transaction processing",0.4496,0.4231,0.5223,0.5000,10
llama-1024-paragraph,10,"Find BMS screen definitions",0.4695,0.4726,0.4880,1.0000,10
llama-1024-paragraph,10,"Find CICS screen navigation",0.4439,0.4270,0.5071,0.3333,10
llama-1024-paragraph,20,"Find main menu / sign-on entry point",0.5568,0.5485,0.5897,0.7500,20
llama-1024-paragraph,20,"Identify credit card update program",0.5451,0.5417,0.5678,1.0000,20
llama-1024-paragraph,20,"Locate file I/O code",0.5653,0.5807,0.6029,0.8333,20
llama-1024-paragraph,20,"Find COPY dependencies",0.4908,0.4851,0.5151,1.0000,20
llama-1024-paragraph,20,"Find customer record modification code",0.5261,0.5188,0.5474,1.0000,20
llama-1024-paragraph,20,"Find credit card validation logic",0.5516,0.5336,0.6257,0.7500,20
llama-1024-paragraph,20,"Find authentication logic",0.4437,0.4330,0.4838,1.0000,20
llama-1024-paragraph,20,"Find batch transaction processing",0.4802,0.4898,0.5465,0.5000,20
llama-1024-paragraph,20,"Find BMS screen definitions",0.5453,0.5218,0.6045,1.0000,20
llama-1024-paragraph,20,"Find CICS screen navigation",0.4353,0.4336,0.4584,0.6667,20
llama-1024-paragraph,50,"Find main menu / sign-on entry point",0.5636,0.5582,0.5799,1.0000,50
llama-1024-paragraph,50,"Identify credit card update program",0.6275,0.6426,0.6688,1.0000,50
llama-1024-paragraph,50,"Locate file I/O code",0.5678,0.5381,0.6335,1.0000,50
llama-1024-paragraph,50,"Find COPY dependencies",0.5801,0.5582,0.6278,1.0000,50
llama-1024-paragraph,50,"Find customer record modification code",0.8081,0.6953,1.0790,1.0000,50
llama-1024-paragraph,50,"Find credit card validation logic",0.5296,0.5381,0.5526,1.0000,50
llama-1024-paragraph,50,"Find authentication logic",0.6362,0.5601,0.8031,1.0000,50
llama-1024-paragraph,50,"Find batch transaction processing",0.5197,0.5242,0.5853,0.5000,50
llama-1024-paragraph,50,"Find BMS screen definitions",0.5431,0.5470,0.5615,1.0000,50
llama-1024-paragraph,50,"Find CICS screen navigation",0.4566,0.4553,0.4838,0.8333,50
llama-1024-fixed,3,"Find main menu / sign-on entry point",0.4948,0.4480,0.6025,0.0000,3
llama-1024-fixed,3,"Identify credit card update program",0.3876,0.3925,0.4494,1.0000,3
llama-1024-fixed,3,"Locate file I/O code",0.3471,0.3508,0.3720,0.3333,3
llama-1024-fixed,3,"Find COPY dependencies",0.3977,0.3880,0.4781,1.0000,3
llama-1024-fixed,3,"Find customer record modification code",0.3441,0.3630,0.3735,1.0000,3
llama-1024-fixed,3,"Find credit card validation logic",0.3912,0.3231,0.5484,0.2500,3
llama-1024-fixed,3,"Find authentication logic",0.3560,0.3625,0.3931,0.2500,3
llama-1024-fixed,3,"Find batch transaction processing",0.3342,0.3359,0.3368,0.0000,3
llama-1024-fixed,3,"Find BMS screen definitions",0.3543,0.3604,0.3880,1.0000,3
llama-1024-fixed,3,"Find CICS screen navigation",0.3349,0.3298,0.3481,0.0000,3
llama-1024-fixed,5,"Find main menu / sign-on entry point",0.3632,0.3586,0.3879,0.0000,5
llama-1024-fixed,5,"Identify credit card update program",0.3402,0.3567,0.3653,1.0000,5
llama-1024-fixed,5,"Locate file I/O code",0.3760,0.3736,0.4486,0.3333,5
llama-1024-fixed,5,"Find COPY dependencies",0.3686,0.3579,0.4128,1.0000,5
llama-1024-fixed,5,"Find customer record modification code",0.3064,0.3061,0.3102,1.0000,5
llama-1024-fixed,5,"Find credit card validation logic",0.3293,0.3306,0.3399,0.5000,5
llama-1024-fixed,5,"Find authentication logic",0.3409,0.3408,0.3783,0.2500,5
llama-1024-fixed,5,"Find batch transaction processing",0.3320,0.3201,0.3557,0.0000,5
llama-1024-fixed,5,"Find BMS screen definitions",0.4323,0.4290,0.4716,1.0000,5
llama-1024-fixed,5,"Find CICS screen navigation",0.3247,0.3050,0.3692,0.0000,5
llama-1024-fixed,10,"Find main menu / sign-on entry point",0.3832,0.3793,0.3910,0.0000,10
llama-1024-fixed,10,"Identify credit card update program",0.4169,0.4284,0.4362,1.0000,10
llama-1024-fixed,10,"Locate file I/O code",0.3869,0.3779,0.4250,0.3333,10
llama-1024-fixed,10,"Find COPY dependencies",0.4010,0.3873,0.4548,1.0000,10
llama-1024-fixed,10,"Find customer record modification code",0.4257,0.3881,0.5774,1.0000,10
llama-1024-fixed,10,"Find credit card validation logic",0.3992,0.3900,0.4406,0.5000,10
llama-1024-fixed,10,"Find authentication logic",0.3696,0.3693,0.3852,0.2500,10
llama-1024-fixed,10,"Find batch transaction processing",0.4122,0.4223,0.4318,0.5000,10
llama-1024-fixed,10,"Find BMS screen definitions",0.3398,0.3348,0.3548,1.0000,10
llama-1024-fixed,10,"Find CICS screen navigation",0.3745,0.3555,0.4134,0.0000,10
llama-1024-fixed,20,"Find main menu / sign-on entry point",0.5306,0.4931,0.6985,0.5000,20
llama-1024-fixed,20,"Identify credit card update program",0.5680,0.5889,0.5958,1.0000,20
llama-1024-fixed,20,"Locate file I/O code",0.4992,0.5062,0.5118,0.3333,20
llama-1024-fixed,20,"Find COPY dependencies",0.4810,0.4977,0.5137,1.0000,20
llama-1024-fixed,20,"Find customer record modification code",0.5163,0.5633,0.5716,1.0000,20
llama-1024-fixed,20,"Find credit card validation logic",0.5948,0.5859,0.6349,0.5000,20
llama-1024-fixed,20,"Find authentication logic",0.4770,0.4874,0.5113,0.2500,20
llama-1024-fixed,20,"Find batch transaction processing",0.5677,0.5479,0.6097,0.5000,20
llama-1024-fixed,20,"Find BMS screen definitions",0.4683,0.4526,0.5126,1.0000,20
llama-1024-fixed,20,"Find CICS screen navigation",0.4770,0.4835,0.5011,0.1667,20
llama-1024-fixed,50,"Find main menu / sign-on entry point",0.5021,0.5008,0.5748,0.5000,50
llama-1024-fixed,50,"Identify credit card update program",0.5469,0.4961,0.6583,1.0000,50
llama-1024-fixed,50,"Locate file I/O code",0.5212,0.5375,0.5791,0.3333,50
llama-1024-fixed,50,"Find COPY dependencies",0.5264,0.4774,0.6390,1.0000,50
llama-1024-fixed,50,"Find customer record modification code",0.4324,0.4302,0.4520,1.0000,50
llama-1024-fixed,50,"Find credit card validation logic",0.4645,0.4605,0.4747,0.5000,50
llama-1024-fixed,50,"Find authentication logic",0.4899,0.4810,0.5158,0.2500,50
llama-1024-fixed,50,"Find batch transaction processing",0.5387,0.5623,0.5857,1.0000,50
llama-1024-fixed,50,"Find BMS screen definitions",0.4942,0.5197,0.5313,1.0000,50
llama-1024-fixed,50,"Find CICS screen navigation",0.4650,0.4765,0.4815,0.1667,50
